,Headlines,Article,Published_Dates,Source_URLs
0,Effective UV Phone Sanitizers To Keep Germs Off Your Smartphones,,2020-12-13,https://timesofindia.indiatimes.com/most-searched-products/mobile-phones/mobile-accessories/effective-uv-phone-sanitizers-to-keep-germs-off-your-smartphones/articleshow/79661867.cms
1,Noida: Sanitation workers of Gautam Budh University protest against salary cut,,2020-12-13,https://timesofindia.indiatimes.com/city/noida/noida-sanitation-workers-of-gautam-budh-university-protest-against-salary-cut/articleshow/81088017.cms
2,COVID-19: Save your skin from the excessive handwashing,,2020-12-13,https://timesofindia.indiatimes.com/life-style/beauty/covid-19-save-your-skin-from-the-excessive-handwashing/articleshow/80253519.cms
3,Air sanitizer sprays that will ensure clean air in your room,,2020-12-13,https://timesofindia.indiatimes.com/most-searched-products/health-and-fitness/health-care/air-sanitizer-sprays-that-will-ensure-clean-air-in-your-room/articleshow/80093957.cms
4,Locals clash with sanitation workers over trash removal,,2020-12-13,https://timesofindia.indiatimes.com/city/patna/locals-clash-with-sanitation-workers-over-trash-removal/articleshow/80075785.cms
5,Touchless Automatic Hand Sanitizer Dispenser Suitable For Homes And Commercial Premises,,2020-12-13,https://timesofindia.indiatimes.com/most-searched-products/electronics/miscellaneous/touchless-automatic-hand-sanitizer-dispenser-suitable-for-homes-and-commercial-premises/articleshow/78426243.cms
6,Toilet seat sanitizer sprays: Compact bottles that will easily fit in your handbag,,2020-12-13,https://timesofindia.indiatimes.com/most-searched-products/health-and-fitness/health-care/toilet-seat-sanitizer-sprays-compact-bottles-that-will-easily-fit-in-your-handbag/articleshow/79942220.cms
7,"Delhi: Place us on vaccination priority list too, say sanitation workers",,2020-12-13,https://timesofindia.indiatimes.com/city/delhi/place-us-on-vaccination-priority-list-too-say-sanitation-workers/articleshow/79784869.cms
8,Sanitizer case: Three contractual employees terminated,,2020-12-13,https://timesofindia.indiatimes.com/city/nagpur/sanitizer-case-3-contractual-employees-terminated/articleshow/80659169.cms
9,"Maharashtra made little progress on sanitation, water projects",,2020-12-13,https://timesofindia.indiatimes.com/city/mumbai/maha-made-little-progress-on-sanitation-water-projects/articleshow/80638043.cms
10,Private schools in Telangana to collect sanitation fee,,2020-12-13,https://timesofindia.indiatimes.com/city/hyderabad/private-schools-in-t-to-collect-sanitation-fee/articleshow/80606425.cms
11,CM stresses on sanitation at govt hosps,,2020-12-13,https://timesofindia.indiatimes.com/city/vijayawada/cm-stresses-on-sanitation-at-govt-hosps/articleshow/81298009.cms
12,Vadodara sanitation workers averse to jab,,2020-12-13,https://timesofindia.indiatimes.com/city/vadodara/vadodara-sanitation-workers-averse-to-jab/articleshow/81233454.cms
13,Export ban on alcohol-based hand sanitizers lifted,,2020-12-13,https://timesofindia.indiatimes.com/business/india-business/export-ban-on-alcohol-based-hand-sanitizers-lifted/articleshow/78688995.cms
14,JMC Greater mayor takes stock of sanitation work,,2020-12-13,https://timesofindia.indiatimes.com/city/jaipur/jmc-greater-mayor-takes-stock-of-sanitation-work/articleshow/80160477.cms
15,Sanitiser industry booms in Gujarat post Covid,,2020-12-13,https://timesofindia.indiatimes.com/city/ahmedabad/sanitizer-industry-booms-in-gujarat-post-covid/articleshow/78882874.cms
16,Andhra Pradesh: Pedana municipal chief attacked over harassment allegations,,2020-12-13,https://timesofindia.indiatimes.com/city/vijayawada/municipal-chief-attacked-over-harassment-allegations/articleshow/80000739.cms
17,"Hand Sanitizer buying guide: Quality, effectiveness, price & more",,2020-12-13,https://timesofindia.indiatimes.com/most-searched-products/health-and-fitness/buying-guide/hand-sanitizer-buying-guide-quality-effectiveness-price-more/articleshow/76981688.cms
18,"Sanitation staff trained in use of robots, machines",,2020-12-13,https://timesofindia.indiatimes.com/city/gurgaon/sanitation-staff-trained-in-use-of-robots-machines/articleshow/81401681.cms
19,Sanitation drive in Trichy from today,,2020-12-13,https://timesofindia.indiatimes.com/city/trichy/sanitation-drive-in-trichy-from-today/articleshow/80355121.cms
20,"Govt busy with politics, sanitation faces neglect",,2021-03-04,https://timesofindia.indiatimes.com/city/jaipur/govt-busy-with-politics-sanitation-faces-neglect/articleshow/81337908.cms
21,"Green belts, roads cleared of garbage & illegal ads",,2021-03-04,https://timesofindia.indiatimes.com/city/gurgaon/green-belts-roads-cleared-of-garbage-illegal-ads/articleshow/79586928.cms
22,Sanitation fees in Margao questioned,,2021-03-04,https://timesofindia.indiatimes.com/city/goa/sanitation-fees-in-margao-questioned/articleshow/79598835.cms
23,Disinfectant for clothes: Fabric sanitizers for ensuring proper hygiene,,2021-03-04,https://timesofindia.indiatimes.com/most-searched-products/health-and-fitness/health-care/disinfectant-for-clothes-fabric-sanitizers-for-ensuring-proper-hygiene/articleshow/81191517.cms
24,Sanitation employees in Hyderabad threaten strike,,2021-03-04,https://timesofindia.indiatimes.com/city/hyderabad/sanitation-employees-threaten-strike/articleshow/80104596.cms
25,"Sanitizers, gloves for voters at all poll booths",,2021-03-04,https://timesofindia.indiatimes.com/city/surat/sanitizers-gloves-for-voters-at-all-poll-booths/articleshow/81096181.cms
26,Database of sanitation workers for free vaccine,,2021-03-04,https://timesofindia.indiatimes.com/city/jaipur/database-of-sanitation-workers-for-free-vaccine/articleshow/80077081.cms
27,Ahmedabad: Man threatens friend with acid in sanitizer bottle,,2021-03-04,https://timesofindia.indiatimes.com/city/ahmedabad/man-threatens-friend-with-acid-in-sanitizer-bottle/articleshow/77270968.cms
28,"Gujarat: Now, hand sanitizer made from gomutra",,2021-03-04,https://timesofindia.indiatimes.com/city/ahmedabad/gujarat-now-hand-sanitizer-made-from-gomutra/articleshow/78008185.cms
29,"Mask, sanitizer demand declines as cases dip",,2021-03-04,https://timesofindia.indiatimes.com/city/ranchi/mask-sanitizer-demand-declines-as-cases-dip/articleshow/80886309.cms
30,UV Sterilizer Box to kill off germs from your Mobile Phones,,2021-03-04,https://timesofindia.indiatimes.com/most-searched-products/mobile-phones/mobile-accessories/uv-sterilizer-box-to-to-kill-off-germs-from-your-mobile-phones/articleshow/76533222.cms
31,Pay of sanitation workers increased,,2021-03-04,https://timesofindia.indiatimes.com/city/hyderabad/pay-of-sanitation-workers-increased/articleshow/79238902.cms
32,"Sanitation staff oppose checking by superintendents, hold protest",,2021-03-04,https://timesofindia.indiatimes.com/city/ludhiana/sanitation-staff-oppose-checking-by-superintendents-hold-protest/articleshow/79085205.cms
33,"‘Health, sanitation & security are priority’",,2021-03-04,https://timesofindia.indiatimes.com/city/jaipur/health-sanitation-security-are-priority/articleshow/79180639.cms
34,Trichy sanitation drive a damp squib,,2021-03-04,https://timesofindia.indiatimes.com/city/trichy/trichy-sanitation-drive-a-damp-squib/articleshow/80620208.cms
35,How will schools function without sanitation: Teachers,,2021-03-04,https://timesofindia.indiatimes.com/city/hyderabad/how-will-schools-function-without-sanitation-teachers/articleshow/80618682.cms
36,Sanitation worker dies hours after vaccination in Vadodara,,2021-03-04,https://timesofindia.indiatimes.com/city/vadodara/sanitation-worker-dies-hours-after-vaccination/articleshow/80617376.cms
37,UV lamps to sanitize Lucknow Metro coaches,,2021-03-04,https://timesofindia.indiatimes.com/city/lucknow/uv-lamps-to-sanitize-lucknow-metro-coaches/articleshow/80593209.cms
38,Food and Drug Administration has issued warning against 9 hand sanitizers,,2021-03-04,https://timesofindia.indiatimes.com/life-style/health-fitness/health-news/food-and-drug-administration-has-issued-warning-against-9-hand-sanitizers/articleshow/76816686.cms
39,Kerala: Health department suggests sanitation measures for school reopening,,2021-03-04,https://timesofindia.indiatimes.com/city/kochi/health-dept-suggests-sanitation-measures-for-school-reopening/articleshow/78898262.cms
40,DCP Gajanan Rajmane honours sanitation staffers on Independence Day,,2020-08-16,https://timesofindia.indiatimes.com/city/nagpur/dcp-gajanan-rajmane-honours-sanitation-staffers-on-independence-day/articleshow/77570791.cms
41,TNUSSP honours seven people who fought gender bias in field of sanitation,,2020-08-16,https://timesofindia.indiatimes.com/city/chennai/tnussp-honours-seven-people-who-fought-gender-bias-in-field-of-sanitation/articleshow/81425042.cms
42,Thane societies to be liable for deaths of sanitation workers,,2020-08-16,https://timesofindia.indiatimes.com/city/thane/thane-socs-to-be-liable-for-deaths-of-sanitation-workers/articleshow/80355878.cms
43,Haryana registers FIRs against 11 sanitizer brands after sample fail quality test,,2020-08-16,https://timesofindia.indiatimes.com/city/chandigarh/haryana-registers-firs-against-11-sanitizer-brands-after-sample-fail-quality-test/articleshow/77378104.cms
44,Ahmedabad: Sanitation inspector prepping for minister tour thrashed,,2020-08-16,https://timesofindia.indiatimes.com/city/ahmedabad/sanitation-inspector-prepping-for-minister-tour-thrashed/articleshow/80336549.cms
45,"Smiles, sanitizers welcome students as schools reopen in Delhi",,2020-08-16,https://timesofindia.indiatimes.com/home/education/news/smiles-sanitizers-welcome-students-as-schools-reopen-in-delhi/articleshow/80323923.cms
46,Swachh race: GHMC caught napping on sanitation,,2020-08-16,https://timesofindia.indiatimes.com/city/hyderabad/swachh-race-ghmc-caught-napping-on-sanitation/articleshow/80318953.cms
47,"2 Ezra Street shops raided, 1,400L ‘toxic’sanitizer seized",,2020-08-16,https://timesofindia.indiatimes.com/city/kolkata/2-ezra-street-shops-raided-1400l-toxicsanitizer-seized/articleshow/77309141.cms
48,Sanitation worker 1st to get vax in hospital,,2020-08-16,https://timesofindia.indiatimes.com/city/nashik/sanitation-worker-1st-to-get-vax-in-hospital/articleshow/80306562.cms
49,Sanitation worker likely to be first vaccine recipient in Odisha,,2020-08-16,https://timesofindia.indiatimes.com/city/bhubaneswar/sanitation-worker-likely-to-be-first-vaccine-recipient-in-odisha/articleshow/80266358.cms
50,"Tender floated in Bengal for poll masks, sanitizers",,2020-08-16,https://timesofindia.indiatimes.com/city/kolkata/tender-floated-in-bengal-for-poll-masks-sanitizers/articleshow/80259675.cms
51,Schools demand sanitization expenses before board exams,,2020-08-16,https://timesofindia.indiatimes.com/city/nagpur/schools-demand-sanitization-expenses-before-board-exams/articleshow/80257194.cms
52,All govt schools in Telangana lack sanitation staff,,2020-08-16,https://timesofindia.indiatimes.com/city/hyderabad/all-govt-schools-in-t-lack-sanitation-staff/articleshow/80239629.cms
53,EDMC banks on safai feedback,,2020-08-16,https://timesofindia.indiatimes.com/city/delhi/edmc-banks-on-safai-feedback/articleshow/81250689.cms
54,"Medicines, hand sanitizers gutted in godown fire",,2020-08-16,https://timesofindia.indiatimes.com/city/coimbatore/medicines-hand-sanitizers-gutted-in-godown-fire/articleshow/80220987.cms
55,This is how long the hand sanitizer lasts on your hand,,2020-08-16,https://timesofindia.indiatimes.com/life-style/health-fitness/health-news/this-is-how-long-the-hand-sanitizer-lasts-on-your-hand/articleshow/75629090.cms
56,Medicines and hand sanitizers gutted in Coimbatore godown fire,,2020-08-16,https://timesofindia.indiatimes.com/city/coimbatore/medicines-and-hand-sanitizers-gutted-in-coimbatore-godown-fire/articleshow/80212653.cms
57,Hyderabad: Sanitation activities on fast track ahead of GHMC polls,,2020-08-16,https://timesofindia.indiatimes.com/city/hyderabad/sanitation-activities-on-fast-track-ahead-of-ghmc-polls/articleshow/78482666.cms
58,Andhra Pradesh: Local sanitizers give legacy brands a run for their money,,2020-08-16,https://timesofindia.indiatimes.com/city/visakhapatnam/local-sanitizers-give-legacy-brands-a-run-for-their-money/articleshow/77043800.cms
59,Delhi sanitation worker dies four days after vaccine jab,,2020-08-16,https://timesofindia.indiatimes.com/city/delhi/sanitation-worker-dies-four-days-after-vax-jab/articleshow/81161241.cms
60,Musi revival: Citizens can breathe easy along river,,2021-02-22,https://timesofindia.indiatimes.com/city/hyderabad/musi-revival-citizens-can-breathe-easy-along-river/articleshow/81143035.cms
61,Advocates question move of children's admission in court crèche during pandemic times,,2021-02-22,https://timesofindia.indiatimes.com/city/chandigarh/advocates-question-move-of-childrens-admission-in-court-crche-during-pandemic-times/articleshow/78364317.cms
62,"Dismayed over sanitization cost, schools wary of reopening",,2021-02-22,https://timesofindia.indiatimes.com/city/nagpur/dismayed-over-sanitization-cost-schools-wary-of-reopening/articleshow/80083932.cms
63,"Noida: Despite incentives, turnout under 40% in last jab round",,2021-02-22,https://timesofindia.indiatimes.com/city/noida/despite-incentives-turnout-under-40-in-last-jab-round/articleshow/81099601.cms
64,"Gurugram: Foetus found in drain, sanitation staff alert cops",,2021-02-22,https://timesofindia.indiatimes.com/city/gurgaon/foetus-found-in-drain-sanitation-staff-alert-cops/articleshow/81099827.cms
65,"SDMC to give house, job to kin of deceased Covid-19 warriors",,2021-02-22,https://timesofindia.indiatimes.com/city/delhi/sdmc-to-give-house-job-to-kin-of-deceased-covid-19-warriors/articleshow/81010010.cms
66,Mayor meets family members of sanitation worker who died of health complications,,2021-02-22,https://timesofindia.indiatimes.com/city/delhi/mayor-meets-family-members-of-sanitation-worker-who-died-of-health-complications/articleshow/81350793.cms
67,IIT-Guwahati students build pocket-sized device to sanitise surfaces,,2021-02-22,https://timesofindia.indiatimes.com/home/education/news/iit-guwahati-students-build-pocket-sized-device-to-sanitise-surfaces/articleshow/76835048.cms
68,"Malba dumping on roadsides, green belts rampant in Sector 15",,2021-02-22,https://timesofindia.indiatimes.com/city/gurgaon/malba-dumping-on-roadsides-green-belts-rampant-in-sector-15/articleshow/80943185.cms
69,Bihar: ‘No nervousness in getting 2nd shot of Covid vaccine’,,2021-02-22,https://timesofindia.indiatimes.com/city/patna/no-nervousness-in-getting-2nd-shot-of-covid-vaccine/articleshow/80932516.cms
70,Kolkata: Weekend cleaning for Monday reopening,,2021-02-22,https://timesofindia.indiatimes.com/city/kolkata/busy-weekends-for-city-schools-that-are-re-opening-on-monday/articleshow/80914383.cms
71,"Job lost, sanitation worker found hanging in Noida",,2021-02-22,https://timesofindia.indiatimes.com/city/noida/job-lost-sanitation-worker-found-hanging/articleshow/78177361.cms
72,"Clogged drain or waste pile, 16 teams will clear it in 4 hrs",,2021-02-22,https://timesofindia.indiatimes.com/city/noida/clogged-drain-or-waste-pile-16-teams-will-clear-it-in-4-hrs/articleshow/80801075.cms
73,"Rajasthan: Staff's dance video from ICU goes viral, hospital sacks one, transfers two",,2021-02-22,https://timesofindia.indiatimes.com/city/jaipur/rajasthan-staffs-dance-video-from-icu-goes-viral-hospital-sacks-one-transfers-two/articleshow/80787329.cms
74,Chhatrapati Shivaji Maharaj International airport awarded by ACI,,2021-02-22,https://timesofindia.indiatimes.com/business/india-business/chhatrapati-shivaji-maharaj-international-airport-awarded-by-aci/articleshow/80786338.cms
75,Birders spot 122 species of birds at annual Manipal Bird Day,,2021-02-22,https://timesofindia.indiatimes.com/city/mangaluru/birders-spot-122-species-of-birds-at-annual-manipal-bird-day/articleshow/80785015.cms
76,Delhi HC picks nodal officer to sort out safai staff’s woes,,2021-02-22,https://timesofindia.indiatimes.com/city/delhi/hc-picks-nodal-officer-to-sort-out-safai-staffs-woes/articleshow/80776235.cms
77,Sanitation worker dies of asphyxiation,,2021-02-22,https://timesofindia.indiatimes.com/city/rajkot/sanitation-worker-dies-of-asphyxiation/articleshow/78194040.cms
78,"Kolkata: From today, schools to tell kids, parents of campus dos and don’ts",,2021-02-22,https://timesofindia.indiatimes.com/city/kolkata/from-today-schools-to-tell-kids-parents-of-campus-dos-and-donts/articleshow/80756365.cms
79,Sanitation staff crunch hits road cleanliness,,2021-02-22,https://timesofindia.indiatimes.com/city/jaipur/sanitation-staff-crunch-hits-road-cleanliness/articleshow/79829505.cms
80,Sanitation worker at NMC hospital detained,,2020-09-10,https://timesofindia.indiatimes.com/city/nashik/sanitation-worker-at-nmc-hosp-detained/articleshow/78024537.cms
81,"Gurugram: Hire sanitation workers based on area population, officials told",,2020-09-10,https://timesofindia.indiatimes.com/city/gurgaon/hire-sanitation-workers-based-on-area-population-officials-told/articleshow/80729071.cms
82,Osmania University issues notice to reopen hostels from February 16,,2020-09-10,https://timesofindia.indiatimes.com/city/hyderabad/ou-issues-notice-to-reopen-hostels-from-february-16/articleshow/80728707.cms
83,JMC Heritage to allot sanitation workers to each colony,,2020-09-10,https://timesofindia.indiatimes.com/city/jaipur/jmc-heritage-to-allot-sanitation-workers-to-each-colony/articleshow/79785205.cms
84,No masks + No physical distancing + No sanitizers = Spike in Covid-19 cases,,2020-09-10,https://timesofindia.indiatimes.com/city/nagpur/no-masks-no-physical-distancing-no-sanitizers-spike-in-covid-19-cases/articleshow/81117078.cms
85,East Delhi Municipal Corporation to regularise all safai staff till 2006,,2020-09-10,https://timesofindia.indiatimes.com/city/delhi/edmc-to-regularise-all-safai-staff-till-2006/articleshow/80638594.cms
86,"Instead of polio drops, 12 kids given sanitizer in Maharashtra",,2020-09-10,https://timesofindia.indiatimes.com/city/nagpur/12-ytl-kids-given-sanitizer-instead-of-polio-drops/articleshow/80640505.cms
87,"Safai staff is back, clean-up resumes in Delhi",,2020-09-10,https://timesofindia.indiatimes.com/city/delhi/safai-staff-is-back-clean-up-resumes/articleshow/80619388.cms
88,"It’s a film that upholds our right to education, dignity and sanitation",,2020-09-10,https://timesofindia.indiatimes.com/web-series/news/its-a-film-that-upholds-our-right-to-education-dignity-and-sanitation/articleshow/81084901.cms
89,"Manesar corporation seeks government nod for nearly 1,500 posts",,2020-09-10,https://timesofindia.indiatimes.com/city/gurgaon/manesar-corporation-seeks-government-nod-for-nearly-1500-posts/articleshow/80607796.cms
90,"Delhi: Demands met, most safai staff relent",,2020-09-10,https://timesofindia.indiatimes.com/city/delhi/demands-met-most-safai-staff-relent/articleshow/80606977.cms
91,HC to close for three days for sanitization of campus,,2020-09-10,https://timesofindia.indiatimes.com/city/ahmedabad/hc-to-close-for-three-days-for-sanitization-of-campus/articleshow/79669504.cms
92,"Sanitisation of premises will take time, business to start on Tuesday",,2020-09-10,https://timesofindia.indiatimes.com/city/ranchi/sanitisation-of-premises-will-take-time-business-to-start-on-tuesday/articleshow/77828575.cms
93,"Maharashtra: Mask, sanitizer sales plunge as people throw caution to the wind",,2020-09-10,https://timesofindia.indiatimes.com/city/pune/mask-sanitizer-sales-plunge-as-people-throw-caution-to-the-wind/articleshow/81011724.cms
94,'Access to bare necessities has improved in all states',,2020-09-10,https://timesofindia.indiatimes.com/business/india-business/access-to-bare-necessities-has-improved-in-all-states/articleshow/80595190.cms
95,"Avian flu cases, bird deaths on steady decline across state",,2020-09-10,https://timesofindia.indiatimes.com/city/mumbai/avian-flu-cases-bird-deaths-on-steady-decline-across-state/articleshow/80593485.cms
96,"After New York subway, Lucknow Metro becomes second to use UV lamps to sanitize train coaches",,2020-09-10,https://timesofindia.indiatimes.com/city/lucknow/after-new-york-subway-lucknow-metro-becomes-second-to-use-uv-lamps-to-sanitize-train-coaches/articleshow/80588588.cms
97,Tag JMC mayor on Twitter for sanitation complaints,,2020-09-10,https://timesofindia.indiatimes.com/city/jaipur/tag-jmc-mayor-on-twitter-for-sanitation-complaints/articleshow/79632408.cms
98,"Miffed with non-payment of salaries, sanitation staff goes on strike in Piran Kaliyar",,2020-09-10,https://timesofindia.indiatimes.com/city/dehradun/miffed-with-non-payment-of-salaries-sanitation-staff-goes-on-strike-in-piran-kaliyar/articleshow/80913272.cms
99,North Delhi Municipal Corporation has promises to keep as stink rises,,2020-09-10,https://timesofindia.indiatimes.com/city/delhi/n-corpn-has-promises-to-keep-as-stink-rises/articleshow/80527593.cms
100,Frontline workers serving the Republic during pandemic: Delhi CM,,2021-01-27,https://timesofindia.indiatimes.com/city/delhi/frontline-workers-serving-the-republic-during-pandemic-cm/articleshow/80471133.cms
101,Park trysts and sanitizer gifts: Dating goes off-screen again,,2021-01-27,https://timesofindia.indiatimes.com/india/park-trysts-and-sanitizer-gifts-dating-goes-off-screen-again/articleshow/80893111.cms
102,Delhi: No end in sight to civic staff strike as talks fail,,2021-01-27,https://timesofindia.indiatimes.com/city/delhi/no-end-in-sight-to-civic-staff-strike-as-talks-fail/articleshow/80456380.cms
103,"AAP, BJP continue to spar over corporations",,2021-01-27,https://timesofindia.indiatimes.com/city/delhi/aap-bjp-continue-to-spar-over-corpns/articleshow/80456445.cms
104,UP couple name their son Sanitizer as Covid-19 triggers naming spree,,2021-01-27,https://timesofindia.indiatimes.com/city/meerut/up-couple-name-their-son-sanitizer-as-covid-19-triggers-naming-spree/articleshow/75130264.cms
105,Dirty hands stain hand-rubs,,2021-01-27,https://timesofindia.indiatimes.com/city/ahmedabad/dirty-hands-stain-hand-rubs/articleshow/77697737.cms
106,"Mystery ailment spreads to AP's Bhimadole, three more cases surface",,2021-01-27,https://timesofindia.indiatimes.com/city/visakhapatnam/mystery-ailment-spreads-to-aps-bhimadole-three-more-cases-surface/articleshow/80429729.cms
107,Tamil Nadu: Man dies after drinking hand sanitizer,,2021-01-27,https://timesofindia.indiatimes.com/city/coimbatore/man-dies-after-drinking-hand-sanitizer/articleshow/75102189.cms
108,"Delhi: Salary stir enters 17th day, garbage piles up in areas",,2021-01-27,https://timesofindia.indiatimes.com/city/delhi/salary-stir-enters-17th-day-garbage-piles-up-in-areas/articleshow/80428956.cms
109,North Delhi Municipal Corporation announces release of salaries a day after staff protest,,2021-01-27,https://timesofindia.indiatimes.com/city/delhi/n-corpn-announces-release-of-salaries-a-day-after-staff-protest/articleshow/80413217.cms
110,Bihar: Registration begins for 2nd phase of vaccination,,2021-01-27,https://timesofindia.indiatimes.com/city/patna/registration-begins-for-2nd-phase-of-vaccination/articleshow/80392091.cms
111,"GHMC deploys sanitation, Asha workers for poll duty",,2021-01-27,https://timesofindia.indiatimes.com/city/hyderabad/ghmc-deploys-sanitation-asha-workers-for-poll-duty/articleshow/79500194.cms
112,"Dhanbad sanitation workers oppose retrenchment, threaten to hit streets",,2021-01-27,https://timesofindia.indiatimes.com/city/ranchi/dhanbad-sanitation-workers-oppose-retrenchment-threaten-to-hit-streets/articleshow/77581135.cms
113,"FDCA raids unit illegally making sanitizer, seizes items worth Rs 34 lakh in Ahmedabad",,2021-01-27,https://timesofindia.indiatimes.com/city/ahmedabad/fdca-raids-unit-illegally-making-sanitizer-seizes-items-worth-rs-34l/articleshow/77552584.cms
114,Hand sanitiser apps are a reality and you should not take them seriously,,2021-01-27,https://timesofindia.indiatimes.com/gadgets-news/hand-sanitiser-apps-are-a-reality-and-you-should-not-take-them-seriously/articleshow/77550578.cms
115,THIS is how you should apply hand sanitizer to kill 99.9 per cent of germs,,2021-01-27,https://timesofindia.indiatimes.com/life-style/health-fitness/health-news/this-is-how-you-should-apply-hand-sanitizer-to-kill-99-9-per-cent-of-germs/articleshow/74391902.cms
116,FDCA nod to 134 Gujarat companies to make hand sanitizer,,2021-01-27,https://timesofindia.indiatimes.com/city/ahmedabad/fdca-nod-to-134-companies-to-make-hand-sanitizer/articleshow/77533422.cms
117,"Regularise sanitation staff, Telangana HC tells municipal corporation",,2021-01-27,https://timesofindia.indiatimes.com/city/hyderabad/regularise-sanitation-staff-hc-tells-municipal-corpn/articleshow/77513586.cms
118,Gurugram: From 37th to 1st on vaccine list,,2021-01-27,https://timesofindia.indiatimes.com/city/gurgaon/from-37th-to-1st-on-vaccine-list/articleshow/80308775.cms
119,Andhra Pradesh govt mulls slashing additional retail tax to relieve tipplers,,2021-01-27,https://timesofindia.indiatimes.com/city/visakhapatnam/govt-mulls-slashing-art-to-relieve-tipplers/articleshow/77496139.cms
120,Andhra Pradesh govt mulls slashing additional retail tax to relieve tipplers,,2020-08-12,https://timesofindia.indiatimes.com/city/amaravati/govt-mulls-slashing-art-to-relieve-tipplers/articleshow/77496142.cms
121,Andhra Pradesh govt mulls slashing additional retail tax to relieve tipplers,,2020-08-12,https://timesofindia.indiatimes.com/city/vijayawada/govt-mulls-slashing-art-to-relieve-tipplers/articleshow/77491404.cms
122,"‘Don’t go for the 1st round, my kids said’",,2020-08-12,https://timesofindia.indiatimes.com/india/dont-go-for-the-1st-round-my-kids-said/articleshow/80309208.cms
123,"After initial apprehensions, opening day ends with 95% turnout in Ghaziabad, 1/3rd stay away in Noida",,2020-08-12,https://timesofindia.indiatimes.com/city/noida/after-initial-apprehensions-about-vaccines-opening-day-ends-with-95-turnout-in-ghaziabad-1/3rd-stay-away-in-noida/articleshow/80308805.cms
124,"Cold feet, illness among reasons behind no-shows",,2020-08-12,https://timesofindia.indiatimes.com/city/goa/cold-feet-illness-among-reasons-behind-no-shows/articleshow/80308524.cms
125,"Nurse, 68, oldest healthcare worker to get vax in Goa",,2020-08-12,https://timesofindia.indiatimes.com/city/goa/nurse-68-oldest-healthcare-worker-to-get-vax-in-goa/articleshow/80308512.cms
126,Worth the vial: Goa can finally breathe easy,,2020-08-12,https://timesofindia.indiatimes.com/city/goa/senior-doctors-step-up-for-jab-lead-from-front/articleshow/80308481.cms
127,From paediatric vaccinator to Covid warrior,,2020-08-12,https://timesofindia.indiatimes.com/city/goa/from-paediatric-vaccinator-to-covid-warrior/articleshow/80308445.cms
128,"‘Vaccine only way forward, side-effects are all hype’",,2020-08-12,https://timesofindia.indiatimes.com/city/goa/vaccine-only-way-forward-side-effects-are-all-hype/articleshow/80308434.cms
129,"Thrilled to set an example, say frontline staff",,2020-08-12,https://timesofindia.indiatimes.com/city/goa/thrilled-to-set-an-example-say-frontline-staff/articleshow/80308418.cms
130,"Will continue working without hesitation, says sanitation worker who received Covid-19 vaccine shot",,2020-08-12,https://timesofindia.indiatimes.com/india/will-continue-working-without-hesitation-says-sanitation-worker-who-received-covid-19-vaccine-shot/articleshow/80301354.cms
131,"Wait over, Bihar ready to knock out Covid with jab",,2020-08-12,https://timesofindia.indiatimes.com/city/patna/wait-over-state-ready-to-knock-out-covid-with-jab/articleshow/80293215.cms
132,Kurichedu sanitizer deaths: 10 arrested for manufacturing and selling spurious sanitizers,,2020-08-12,https://timesofindia.indiatimes.com/city/vijayawada/kurichedu-sanitizer-deaths-10-arrested-for-manufacturing-and-selling-spurious-sanitizers/articleshow/77489135.cms
133,"MCD councillors, officers living like lords, while Covid-19 workers don't get pay: Delhi HC",,2020-08-12,https://timesofindia.indiatimes.com/city/delhi/mcd-councillors-officers-living-like-lords-while-covid-19-workers-dont-get-pay-delhi-hc/articleshow/80286072.cms
134,"Pune: Ex-cop loses Rs 10,000 to ATM sanitization trick by duo",,2020-08-12,https://timesofindia.indiatimes.com/city/pune/retd-cop-loses-rs-10k-with-atm-sanitization-hoax/articleshow/77438594.cms
135,"Sanitation workers, gardeners’ protest suspended for 10 days",,2020-08-12,https://timesofindia.indiatimes.com/city/dehradun/sanitation-workers-gardeners-protest-suspended-for-10-days/articleshow/77420840.cms
136,Gujarat: Sanitation worker dies hours after getting Covid-19 vaccine,,2020-08-12,https://timesofindia.indiatimes.com/city/vadodara/gujarat-sanitation-worker-dies-hours-after-getting-covid-19-vaccine/articleshow/80616710.cms
137,Sanitation work is permanent: Telangana HC,,2020-08-12,https://timesofindia.indiatimes.com/city/hyderabad/sanitation-work-is-permanent-hc/articleshow/78304628.cms
138,Chandigarh's young cricketer wants to be an actor to promote sports and sanitation,,2020-08-12,https://timesofindia.indiatimes.com/entertainment/events/chandigarh/chandigarhs-young-cricketer-wants-to-be-an-actor-to-promote-sports-and-sanitation/articleshow/80217742.cms
139,Chandigarh's young cricketer wants to be an actor to promote sports and sanitation,,2020-08-12,https://timesofindia.indiatimes.com/city/chandigarh/chandigarhs-young-cricketer-wants-to-be-an-actor-to-promote-sports-and-sanitation/articleshow/80218067.cms
140,Government caps maximum retail price of 200ml hand sanitizer at Rs 100 till June,,2020-03-21,https://timesofindia.indiatimes.com/business/india-business/government-caps-maximum-retail-price-of-200ml-hand-sanitizer-at-rs-100-till-june/articleshow/74745840.cms
141,"In Secunderabad Cantonment Board, 3rd round of sanitisation on",,2020-03-21,https://timesofindia.indiatimes.com/city/hyderabad/in-secunderabad-cantonment-board-3rd-round-of-sanitisation-on/articleshow/77328681.cms
142,"In the grip of mystery disease, idyllic village seeks clean water, sanitation",,2020-03-21,https://timesofindia.indiatimes.com/city/vijayawada/in-the-grip-of-mystery-disease-idyllic-village-seeks-clean-water-sanitation/articleshow/80515925.cms
143,"Focus on sanitation, garbage collection in JMC Greater’s 1st GBM",,2020-03-21,https://timesofindia.indiatimes.com/city/jaipur/focus-on-sanitation-garbage-collection-in-jmc-greaters-1st-gbm/articleshow/80520055.cms
144,"Telangana: Students in educational institutions get masks, sanitizers in Hyderabad",,2020-03-21,https://timesofindia.indiatimes.com/city/hyderabad/telangana-students-in-educational-institutions-get-masks-sanitizers-in-hyderabad/articleshow/80512487.cms
145,Noida Authority meets sanitation staff,,2020-03-21,https://timesofindia.indiatimes.com/city/noida/noida-authority-meets-sanitation-staff/articleshow/78243749.cms
146,"UP: Kin, colleagues blame nagar palika for sanitation worker’s death, seek compensation",,2020-03-21,https://timesofindia.indiatimes.com/city/meerut/kin-colleagues-blame-nagar-palika-for-sanitation-workers-death-seek-compensation/articleshow/80176511.cms
147,Louis Vuitton owner just moved the internet by announcing that its perfume factory will produce hand sanitizer to fight Coronavirus,,2020-03-21,https://timesofindia.indiatimes.com/life-style/beauty/louis-vuitton-owner-just-moved-the-internet-by-announcing-that-its-perfume-factory-will-produce-hand-sanitizer-to-fight-coronavirus/articleshow/74659247.cms
148,Virat Kohli named brand ambassador for sanitation brand,,2020-03-21,https://timesofindia.indiatimes.com/sports/off-the-field/virat-kohli-named-brand-ambassador-for-sanitation-brand/articleshow/79247064.cms
149,"Coronavirus: Hand sanitizers can hurt children's eyes, study claims",,2020-03-21,https://timesofindia.indiatimes.com/life-style/health-fitness/health-news/coronavirus-hand-sanitizers-can-hurt-childrens-eyes-study-claims/articleshow/80477745.cms
150,Board to bear exam centre sanitization costs,,2020-03-21,https://timesofindia.indiatimes.com/city/nagpur/board-to-bear-exam-centre-sanitization-costs/articleshow/79238464.cms
151,Delhi airport to relocate UV sanitisation tunnels to inline baggage handling system,,2020-03-21,https://timesofindia.indiatimes.com/city/delhi/delhi-airport-to-relocate-uv-sanitisation-tunnels-to-inline-baggage-handling-system/articleshow/77261215.cms
152,Government bans export of alcohol-based hand sanitisers,,2020-03-21,https://timesofindia.indiatimes.com/business/india-business/government-bans-exports-of-alcohol-based-hand-sanitizers/articleshow/75578860.cms
153,Ahaana Krishna tests negative for COVID-19,,2020-03-21,https://timesofindia.indiatimes.com/entertainment/malayalam/movies/news/ahaana-krishna-tests-negative-for-covid-19/articleshow/80149383.cms
154,"MP: Gwalior civic chief, Katni SP removed",,2020-03-21,https://timesofindia.indiatimes.com/city/bhopal/mp-gwalior-civic-chief-katni-sp-removed/articleshow/80107496.cms
155,Surat: Eunuchs reach out to lockdown-hit needy,,2020-03-21,https://timesofindia.indiatimes.com/city/surat/eunuchs-reach-out-to-lockdown-hit-needy/articleshow/80103698.cms
156,"Gujarat: Now, water-based hand sanitizers",,2020-03-21,https://timesofindia.indiatimes.com/city/rajkot/now-water-based-hand-sanitizers/articleshow/79179278.cms
157,"JNTU-H & OU seek sanitation, logistical plans from colleges",,2020-03-21,https://timesofindia.indiatimes.com/city/hyderabad/jntu-h-ou-seek-sanitation-logistical-plans-from-colleges/articleshow/80413392.cms
158,Sanitation workers in UP ‘forced’ to donate Rs 100 for Ram Mandir,,2020-03-21,https://timesofindia.indiatimes.com/city/bareilly/sanitation-workers-forced-to-donate-rs-100-for-ram-mandir/articleshow/80411377.cms
159,"Cards not sanitized, gamblers booked",,2020-03-21,https://timesofindia.indiatimes.com/city/ahmedabad/cards-not-sanitized-gamblers-booked/articleshow/77207562.cms
160,"Pune: Schools’ support staff play crucial role to keep teachers, students safe",,2021-01-02,https://timesofindia.indiatimes.com/city/pune/schools-support-staff-play-crucial-role-to-keep-teachers-students-safe/articleshow/80065440.cms
161,"Covid: Sanitation staff, pharmacists may be on 1st vax list",,2021-01-02,https://timesofindia.indiatimes.com/india/covid-sanitation-staff-pharmacists-may-be-on-1st-vax-list/articleshow/80066458.cms
162,"In 2 months, 7 die after drinking hand sanitizer in Vijayawada",,2021-01-02,https://timesofindia.indiatimes.com/city/vijayawada/in-2-months-7-die-after-drinking-hand-sanitizer-in-vijayawada/articleshow/77055828.cms
163,"2020 in a review: Masks, oximeters & weight loss products are highly-sold products in Health & Fitness from TOI Most Searched Products",,2021-01-02,https://timesofindia.indiatimes.com/most-searched-products/health-and-fitness/health-care/2020-in-a-review-masks-oximeters-weight-loss-products-are-highly-sold-products-in-health-fitness-from-toi-most-searched-products/articleshow/80020892.cms
164,"Amid the pandemic, GHMC rakes in over Rs 2,000 crore revenue",,2021-01-02,https://timesofindia.indiatimes.com/city/hyderabad/amid-the-pandemic-ghmc-rakes-in-over-rs-2k-cr-revenue/articleshow/80017219.cms
165,RMC sanitation workers strike called off after mayor’s intervention,,2021-01-02,https://timesofindia.indiatimes.com/city/ranchi/rmc-sanitation-workers-strike-called-off-after-mayors-intervention/articleshow/77027647.cms
166,Private schools in Telangana want sanitation fee to ward off Covid,,2021-01-02,https://timesofindia.indiatimes.com/city/hyderabad/pvt-schools-want-sanitation-fee-to-ward-off-covid/articleshow/80318966.cms
167,Pune: Enthusiasts make sanitizers at home,,2021-01-02,https://timesofindia.indiatimes.com/city/pune/pune-enthusiasts-make-sanitizers-at-home/articleshow/77014246.cms
168,"Maharashtra govt says usher in New Year at home, makes businesses unhappy",,2021-01-02,https://timesofindia.indiatimes.com/city/mumbai/maharashtra-govt-says-usher-in-new-year-at-home-makes-businesses-unhappy/articleshow/80001704.cms
169,"GHMC workers accuse pvt firms of cheating, blackmail",,2021-01-02,https://timesofindia.indiatimes.com/city/hyderabad/ghmc-workers-accuse-pvt-firms-of-cheating-blackmail/articleshow/80000318.cms
170,GGH sanitation worker gets first Covid vaccine shot in Andhra Pradesh,,2021-01-02,https://timesofindia.indiatimes.com/city/visakhapatnam/ggh-sanitation-worker-gets-first-covid-vaccine-shot-in-andhra-pradesh/articleshow/80309885.cms
171,GGH sanitation worker gets first Covid vaccine shot in Andhra Pradesh,,2021-01-02,https://timesofindia.indiatimes.com/city/vijayawada/ggh-sanitation-worker-gets-first-covid-vaccine-shot-in-andhra-pradesh/articleshow/80309475.cms
172,GGH sanitation worker gets first Covid vaccine shot in Andhra Pradesh,,2021-01-02,https://timesofindia.indiatimes.com/city/amaravati/ggh-sanitation-worker-gets-first-covid-vaccine-shot-in-andhra-pradesh/articleshow/80309886.cms
173,Sanitation worker at Gandhi gets Telangana’s first Covid vaccine shot,,2021-01-02,https://timesofindia.indiatimes.com/city/hyderabad/sanitation-worker-at-gandhi-gets-ts-first-vaccine-shot/articleshow/80308560.cms
174,Ludhiana businessman develops automatic sanitation machine,,2021-01-02,https://timesofindia.indiatimes.com/city/ludhiana/ludhiana-businessman-develops-automatic-sanitation-machine/articleshow/75251388.cms
175,"Sanitizers are disinfectants like soaps, dettol; attract 18% GST: Finance ministry",,2021-01-02,https://timesofindia.indiatimes.com/business/india-business/sanitizers-are-disinfectants-like-soaps-dettol-attract-18-gst-finance-ministry/articleshow/76980748.cms
176,Kerala will achieve total sanitation status in 2021-22: Isaac,,2021-01-02,https://timesofindia.indiatimes.com/city/thiruvananthapuram/kerala-will-achieve-total-sanitation-status-in-2021-22-isaac/articleshow/80300844.cms
177,Year-end rush pushes up sales at shopping hubs in Kolkata,,2021-01-02,https://timesofindia.indiatimes.com/city/kolkata/year-end-rush-pushes-up-sales-at-shopping-hubs/articleshow/79982046.cms
178,Sanitation worker gets first shot of Covid-19 vaccine in Andhra Pradesh,,2021-01-02,https://timesofindia.indiatimes.com/city/vijayawada/sanitation-workers-gets-first-shot-of-covid-19-vaccine-in-andhra-pradesh/articleshow/80299512.cms
179,Garbage left on Vastrapur roads,,2021-01-02,https://timesofindia.indiatimes.com/city/ahmedabad/garbage-left-on-vastrapur-roads/articleshow/79971761.cms
180,Sanitation workers to get first Covid-19 vaccines in Madhya Pradesh,,2021-01-15,https://timesofindia.indiatimes.com/city/bhopal/sanitation-workers-to-get-first-covid-19-vaccines-in-madhya-pradesh/articleshow/80277472.cms
181,Congress slams Bihar govt over ‘poor’ sanitation,,2021-01-15,https://timesofindia.indiatimes.com/city/patna/congress-slams-govt-over-poor-sanitation/articleshow/78988940.cms
182,BSSS students are indulging in sanitizer making,,2021-01-15,https://timesofindia.indiatimes.com/entertainment/events/bhopal/bsss-students-are-indulging-in-sanitizer-making/articleshow/76932482.cms
183,Uttar Pradesh aims to snare China’s global sanitizer market,,2021-01-15,https://timesofindia.indiatimes.com/city/lucknow/up-aims-to-snare-chinas-global-sanitizer-mkt/articleshow/76916458.cms
184,"Loan denied, sanitation workers dump garbage outside bank in protest",,2021-01-15,https://timesofindia.indiatimes.com/city/vijayawada/loan-denied-sanitation-workers-dump-garbage-outside-bank-in-protest/articleshow/79945866.cms
185,"Sanitizer, protective gear given as part of poll material",,2021-01-15,https://timesofindia.indiatimes.com/city/vadodara/sanitizer-protective-gear-given-as-part-of-poll-material/articleshow/78938646.cms
186,KSR Bengaluru City railway station gets mask and sanitizer dispenser machine,,2021-01-15,https://timesofindia.indiatimes.com/city/bengaluru/ksr-bengaluru-city-railway-station-gets-mask-and-sanitizer-dispenser-machine/articleshow/76880892.cms
187,NDMC to train its safai staff in critical aid,,2021-01-15,https://timesofindia.indiatimes.com/city/delhi/ndmc-to-train-its-safai-staff-in-critical-aid/articleshow/79884877.cms
188,Disinfectant sprays: Affordable & handy options to keep your surroundings clean,,2021-01-15,https://timesofindia.indiatimes.com/most-searched-products/health-and-fitness/health-care/disinfectant-sprays-affordable-handy-options-to-keep-your-surroundings-clean/articleshow/76829246.cms
189,Sanitation worker who handled Covid victims’ bodies honoured,,2021-01-15,https://timesofindia.indiatimes.com/city/trichy/sanitation-worker-who-handled-covid-victims-bodies-honoured/articleshow/80193029.cms
190,Sanitation drives to mark Vijaydashmi in UP's GB Nagar,,2021-01-15,https://timesofindia.indiatimes.com/city/noida/sanitation-drives-to-mark-vijaydashmi-in-ups-gb-nagar/articleshow/78865885.cms
191,"Mission Clean Buddha Nullah: 30 traffic marshals, 60 sanitation staff deployed",,2021-01-15,https://timesofindia.indiatimes.com/city/ludhiana/mission-clean-buddha-nullah-30-traffic-marshals-60-sanitation-staff-deployed/articleshow/79804811.cms
192,"Exams: Who will bear sanitization cost, ask schools",,2021-01-15,https://timesofindia.indiatimes.com/city/nagpur/exams-who-will-bear-sanitization-cost-ask-schools/articleshow/78834868.cms
193,"Pune: Early finish, restricted attendance at ‘midnight’ mass in pandemic year",,2021-01-15,https://timesofindia.indiatimes.com/city/pune/early-finish-restricted-attendance-at-midnight-mass-in-pandemic-year/articleshow/79767415.cms
194,RMC to intensify sanitation work during festive season,,2021-01-15,https://timesofindia.indiatimes.com/city/ranchi/rmc-to-intensify-sanitation-work-during-festive-season/articleshow/78798072.cms
195,"ACS warns of action for slackness in preparation of sanitation map, DPR",,2021-01-15,https://timesofindia.indiatimes.com/city/jaipur/acs-warns-of-action-for-slackness-in-preparation-of-sanitation-map-dpr/articleshow/80104459.cms
196,"Salons, beauty parlours resume business on a cautious note in Pune",,2021-01-15,https://timesofindia.indiatimes.com/city/pune/salons-beauty-parlours-resume-biz-on-a-cautious-note/articleshow/76679626.cms
197,Telangana govt gears up for waste management in city,,2021-01-15,https://timesofindia.indiatimes.com/city/hyderabad/t-govt-gears-up-for-waste-mgmt-in-city/articleshow/79746914.cms
198,Pune: Barbers to scrub and sterilize before they get snipping again,,2021-01-15,https://timesofindia.indiatimes.com/city/pune/barbers-to-scrub-and-sterilize-before-they-get-snipping-again/articleshow/76667652.cms
199,Hand Sanitizer: Maintain your hygiene in an easy way,,2021-01-15,https://timesofindia.indiatimes.com/most-searched-products/health-and-fitness/health-care/hand-sanitizer-maintain-your-hygiene-in-an-easy-way/articleshow/73930592.cms
200,"Get rid of dry skin, follow these fail-safe tips",,2020-12-14,https://timesofindia.indiatimes.com/life-style/beauty/get-rid-of-dry-skin-follow-these-fail-safe-tips/articleshow/79725883.cms
201,Outsourced sanitation workers take mass holiday,,2020-12-14,https://timesofindia.indiatimes.com/city/visakhapatnam/outsourced-sanitation-workers-take-mass-holiday/articleshow/78737012.cms
202,Kolkata's Kalighat temple installs chemical-free sanitization tunnels,,2020-12-14,https://timesofindia.indiatimes.com/city/kolkata/kalighat-temple-installs-chemical-free-sanitisation-tunnels-in-three-gates/articleshow/80076600.cms
203,"Using public restroom during the pandemic, safe or not?",,2020-12-14,https://timesofindia.indiatimes.com/life-style/health-fitness/health-news/using-public-restroom-during-the-pandemic-safe-or-not/articleshow/76530007.cms
204,Chandigarh based NGO distributes blankets & essentials to protesting farmers,,2020-12-14,https://timesofindia.indiatimes.com/city/chandigarh/chandigarh-based-ngo-distributes-blankets-essentials-to-protesting-farmers/articleshow/79682300.cms
205,"Allowing maids from non-containment zones is a must, federations tell housing societies",,2020-12-14,https://timesofindia.indiatimes.com/city/mumbai/allowing-maids-from-non-containment-zones-is-a-must-federations-tell-housing-societies/articleshow/76493089.cms
206,"Cap on sanitizer, mask prices soon",,2020-12-14,https://timesofindia.indiatimes.com/city/pune/cap-on-sanitizer-mask-prices-soon/articleshow/77534591.cms
207,"Dalgona coffee, sanitizers and cake — What people googled in 2020",,2020-12-14,https://timesofindia.indiatimes.com/india/dalgona-coffee-sanitizers-and-cake-what-people-googled-in-2020/articleshow/80009565.cms
208,Gujarat companies produce 2 crore litres of sanitiser a day,,2020-12-14,https://timesofindia.indiatimes.com/city/ahmedabad/gujarat-companies-produce-2-crore-litres-of-sanitizer-a-day/articleshow/76415830.cms
209,Gujarat: Odhav man dies after ‘mistakenly’ drinking sanitiser,,2020-12-14,https://timesofindia.indiatimes.com/city/ahmedabad/odhav-man-dies-after-mistakenly-drinking-sanitizer/articleshow/76413795.cms
210,"Covid-19 scare: Untested, Kochi corporation health workers a worried lot",,2020-12-14,https://timesofindia.indiatimes.com/city/kochi/untested-corp-health-workers-a-worried-lot/articleshow/76412395.cms
211,Ensure hand sanitizers in aircraft; minimise crew interaction with flyers: DGCA tells airlines,,2020-12-14,https://timesofindia.indiatimes.com/business/india-business/ensure-hand-sanitizers-in-aircraft-minimise-crew-interaction-with-flyers-dgca-tells-airlines/articleshow/74675461.cms
212,"LG Styler clothes steamer and sanitizer launched at Rs 1,60,000",,2020-12-14,https://timesofindia.indiatimes.com/gadgets-news/lg-styler-clothes-steamer-and-sanitizer-launched-at-rs-160000/articleshow/79952930.cms
213,"Delhi: As sanitation crisis looms at dharna sites, corporation deploys special teams",,2020-12-14,https://timesofindia.indiatimes.com/city/delhi/as-sanitation-crisis-looms-at-dharna-sites-corpn-deploys-special-teams/articleshow/79554605.cms
214,"AFI, HI come up with SOPs: No team championships and relay events, athletes will pass through ‘sanitiser tunnel’",,2020-12-14,https://timesofindia.indiatimes.com/sports/more-sports/others/afi-hi-come-up-with-sops-no-team-championships-and-relay-events-athletes-will-pass-through-sanitiser-tunnel/articleshow/79552667.cms
215,"Tamil Nadu colleges reopen, students stay away",,2020-12-14,https://timesofindia.indiatimes.com/home/education/news/tamil-nadu-colleges-reopen-students-stay-away/articleshow/79539433.cms
216,Pile of trash line Rudrapur streets even as sanitation workers end strike,,2020-12-14,https://timesofindia.indiatimes.com/city/dehradun/pile-of-trash-line-rudrapur-streets-even-as-sanitation-workers-end-strike/articleshow/79878611.cms
217,"GHMC elections: Sanitation, distancing norms flouted at polling stations",,2020-12-14,https://timesofindia.indiatimes.com/city/hyderabad/sanitation-distancing-norms-flouted-at-polling-stns/articleshow/79519480.cms
218,Gujarat: Touchless sanitiser keeps machine clean,,2020-12-14,https://timesofindia.indiatimes.com/city/ahmedabad/touchless-sanitizer-keeps-machine-clean/articleshow/76251125.cms
219,"Visakhapatnam: Man mistakes sanitizer for water, dies",,2020-12-14,https://timesofindia.indiatimes.com/city/visakhapatnam/man-mistakes-sanitizer-for-water-dies/articleshow/76250008.cms
220,Societies help the Mumbai get back to its feisty self and usher in new ‘cool’,,2020-06-07,https://timesofindia.indiatimes.com/city/mumbai/societies-help-the-mumbai-get-back-to-its-feisty-self-and-usher-in-new-cool/articleshow/76241325.cms
221,Kids at Agra juvenile home living in dirty conditions,,2020-06-07,https://timesofindia.indiatimes.com/city/agra/children-at-agra-juvenile-home-living-in-unhygienic-condition-no-teacher-at-centre/articleshow/79480051.cms
222,Hand sanitizer makers see 10-folds jump in sales; ramp up production,,2020-06-07,https://timesofindia.indiatimes.com/business/india-business/hand-sanitizer-makers-see-10-folds-jump-in-sales-ramp-up-production/articleshow/74497994.cms
223,Trichy corporation provides hand sanitizer at bus stops,,2020-06-07,https://timesofindia.indiatimes.com/city/trichy/trichy-corpn-provides-hand-sanitizer-at-bus-stops/articleshow/76204632.cms
224,"‘Govt focus is to ensure access to water, sanitation to marginalised’",,2020-06-07,https://timesofindia.indiatimes.com/city/jaipur/govt-focus-is-to-ensure-access-to-water-sanitation-to-marginalised/articleshow/78414663.cms
225,"Patna: Social distancing norms, use of masks go for a toss",,2020-06-07,https://timesofindia.indiatimes.com/city/patna/social-distancing-norms-use-of-masks-go-for-a-toss/articleshow/79433602.cms
226,PMC conducts anti-larva operation,,2020-06-07,https://timesofindia.indiatimes.com/city/patna/pmc-conducts-anti-larva-operation/articleshow/79414580.cms
227,‘UV sanitizers only for surfaces’,,2020-06-07,https://timesofindia.indiatimes.com/city/lucknow/uv-sanitizers-only-for-surfaces/articleshow/76251667.cms
228,Covid overcaution bringing other ailments to many,,2020-06-07,https://timesofindia.indiatimes.com/city/nagpur/covid-overcaution-bringing-other-ailments-to-many/articleshow/79396611.cms
229,5 sanitation staff test positive,,2020-06-07,https://timesofindia.indiatimes.com/city/ahmedabad/5-sanitation-staff-test-positive/articleshow/77175699.cms
230,Bengal: No reopening decision yet for schools either,,2020-06-07,https://timesofindia.indiatimes.com/city/kolkata/no-reopening-decision-yet-for-schools-either/articleshow/79377229.cms
231,Tourism body appeals govt over sanitation,,2020-06-07,https://timesofindia.indiatimes.com/city/hyderabad/tourism-body-appeals-govt-over-sanitation/articleshow/78325180.cms
232,"Birthday Pledge: Suresh Raina to build sanitation, drinking water facilities at 34 schools",,2020-06-07,https://timesofindia.indiatimes.com/sports/off-the-field/birthday-pledge-suresh-raina-to-build-sanitation-drinking-water-facilities-at-34-schools/articleshow/79367177.cms
233,Rs 8 crore loan for redevelopment of Kadri Market,,2020-06-07,https://timesofindia.indiatimes.com/city/mangaluru/rs-8-crore-loan-for-redevelopment-of-kadri-market/articleshow/79356811.cms
234,40% of sanitation staff yet to join work,,2020-06-07,https://timesofindia.indiatimes.com/city/noida/40-of-sanitation-staff-yet-to-join-work/articleshow/78305636.cms
235,Sanitation staff can’t be sacked: Telangana HC,,2020-06-07,https://timesofindia.indiatimes.com/city/hyderabad/sanitation-staff-cant-be-sacked-hc/articleshow/78304622.cms
236,GPS watches: Chandigarh sanitation staff to protest on Feb 27,,2020-06-07,https://timesofindia.indiatimes.com/city/chandigarh/gps-watches-chandigarh-sanitation-staff-to-protest-on-feb-27/articleshow/74264877.cms
237,Mangaluru: Rs 8 crore loan for redevelopment of Kadri Market,,2020-06-07,https://timesofindia.indiatimes.com/city/mangaluru/mangaluru-rs-8-crore-loan-for-redevelopment-of-kadri-market/articleshow/79341303.cms
238,Man held for selling spurious sanitizers,,2020-06-07,https://timesofindia.indiatimes.com/city/vadodara/man-held-for-selling-spurious-sanitizers/articleshow/77094023.cms
239,MC commissioner ticks off staff for ‘unclean’ Suvidha Centre,,2020-06-07,https://timesofindia.indiatimes.com/city/ludhiana/mc-commissioner-ticks-off-staff-for-unclean-suvidha-centre/articleshow/79330404.cms
240,India will support a possibility for world to get access to clean drinking water: Suresh Prabhu,,2020-11-20,https://timesofindia.indiatimes.com/india/india-will-support-a-possibility-for-world-to-get-access-to-clean-drinking-water-suresh-prabhu/articleshow/79324302.cms
241,20 per cent of rural households in Karnataka lack toilets,,2020-11-20,https://timesofindia.indiatimes.com/city/bengaluru/20-of-rural-households-in-karnataka-lack-toilets/articleshow/79313577.cms
242,Ghats ready to host Chhath devotees today,,2020-11-20,https://timesofindia.indiatimes.com/city/ranchi/ghats-ready-to-host-chhath-devotees-today/articleshow/79309913.cms
243,"Lucknow: Thermal scan, sanitization must before entry to ghats",,2020-11-20,https://timesofindia.indiatimes.com/city/lucknow/thermal-scan-sanitization-must-before-entry-to-ghats/articleshow/79291902.cms
244,"Mumbai: Upmarket schools pull out all stops, but others struggle to buy sanitisers",,2020-11-20,https://timesofindia.indiatimes.com/city/mumbai/upmarket-schools-pull-out-all-stops-but-others-struggle-to-buy-sanitisers/articleshow/79273503.cms
245,Sanitation workers stage dharna in Muzaffarnagar city to press for unpaid wages,,2020-11-20,https://timesofindia.indiatimes.com/city/meerut/sanitation-workers-stage-dharna-in-mngr-city-to-press-for-unpaid-wages/articleshow/79268735.cms
246,UV rays to sanitize OMR sheets for UPSEE aspirants,,2020-11-20,https://timesofindia.indiatimes.com/city/lucknow/uv-rays-to-sanitize-omr-sheets-for-upsee-aspirants/articleshow/78198113.cms
247,Noida: Lathicharge on sanitation workers during protest,,2020-11-20,https://timesofindia.indiatimes.com/city/noida/lathicharge-on-sanitation-workers-during-protest/articleshow/78194812.cms
248,Toilet Seat Sanitizer Spray: Prevent infections when using public washrooms,,2020-11-20,https://timesofindia.indiatimes.com/most-searched-products/health-and-fitness/health-care/toilet-seat-sanitizer-sprays-prevent-infections-when-using-public-washrooms/articleshow/74131668.cms
249,"Actors Madhavan, Tapsee Pannu and other celebs to speak about sanitation",,2020-11-20,https://timesofindia.indiatimes.com/city/chennai/actors-madhavan-tapsee-pannu-and-other-celebs-to-speak-about-sanitation/articleshow/79244506.cms
250,"Migrants returning to Surat greeted with masks, sanitizers",,2020-11-20,https://timesofindia.indiatimes.com/city/surat/migrants-returning-to-surat-greeted-with-masks-sanitizers/articleshow/78134043.cms
251,"Sanitizer dispensers in demand as shops, offices open for business",,2020-11-20,https://timesofindia.indiatimes.com/city/trichy/sanitizer-dispensers-in-demand-as-shops-offices-open-for-business/articleshow/75767838.cms
252,"MCemployees push for better working conditions for sewermen, sanitation staff",,2020-11-20,https://timesofindia.indiatimes.com/city/chandigarh/mcemployees-push-for-better-working-conditions-for-sewermen-sanitation-staff/articleshow/79571021.cms
253,21 cities in Ganga basin dump 60% of excreta into river: CSE report,,2020-11-20,https://timesofindia.indiatimes.com/home/environment/21-cities-in-ganga-basin-dump-60-of-excreta-into-river-cse-report/articleshow/79211328.cms
254,Happy Diwali 2020: Important health tips to follow for a safe Diwali in the times of coronavirus and rising air pollution,,2020-11-20,https://timesofindia.indiatimes.com/life-style/health-fitness/health-news/happy-diwali-2020-important-health-tips-to-follow-for-a-safe-diwali-in-the-times-of-coronavirus-and-rising-air-pollution/articleshow/79173733.cms
255,Mysuru City Corporation restricts number of cracker shops,,2020-11-20,https://timesofindia.indiatimes.com/city/mysuru/mysuru-city-corporation-restricts-number-of-cracker-shops/articleshow/79198873.cms
256,Patna: Civic bodies to hire agencies for sanitation,,2020-11-20,https://timesofindia.indiatimes.com/city/patna/civic-bodies-to-hire-agencies-for-sanitation/articleshow/74013663.cms
257,HC closed on Sept 14-15 for sanitization,,2020-11-20,https://timesofindia.indiatimes.com/city/allahabad/hc-closed-on-sept-14-15-for-sanitization/articleshow/78068194.cms
258,"On day 3 of sanitation workers strike, Patna DM takes steps to remove garbage",,2020-11-20,https://timesofindia.indiatimes.com/city/patna/on-day-3-of-strike-patna-dm-takes-steps-to-remove-garbage/articleshow/73968928.cms
259,Pay sanitation worker as much as class-IV staffer: Rajasthan HC to govt,,2020-11-20,https://timesofindia.indiatimes.com/city/jaipur/pay-sanitation-worker-as-much-as-class-iv-staffer-hc-to-govt/articleshow/73944303.cms
260,"Online tickets, sanitization breaks to be normal at zoos",,2020-09-11,https://timesofindia.indiatimes.com/city/kolkata/online-tickets-sanitization-breaks-to-be-normal-at-zoos/articleshow/78047094.cms
261,Doc designs wearable sanitizer,,2020-09-11,https://timesofindia.indiatimes.com/city/kochi/doc-designs-wearable-sanitizer/articleshow/75788325.cms
262,Poor garbage collection service causing sanitation woes in Vijaypur,,2020-09-11,https://timesofindia.indiatimes.com/city/dehradun/poor-garbage-collection-service-causing-sanitation-woes-in-vijaypur/articleshow/79497487.cms
263,Agra’s sanitation workers went on strike,,2020-09-11,https://timesofindia.indiatimes.com/city/agra/agras-sanitation-workers-observe-strike-over-death-of-a-rag-picker/articleshow/78024572.cms
264,"After 21 days of quarantine, 65 sanitation workers of Doiwala set to resume work today",,2020-09-11,https://timesofindia.indiatimes.com/city/dehradun/after-21-days-of-quarantine-65-sanitation-workers-of-doiwala-set-to-resume-work-today/articleshow/75608105.cms
265,Lucknow Metro unlocks with UV sanitized tokens,,2020-09-11,https://timesofindia.indiatimes.com/city/lucknow/lucknow-metro-unlocks-with-uv-sanitized-tokens/articleshow/77970105.cms
266,"Essentials, food given in Malkajgiri",,2020-09-11,https://timesofindia.indiatimes.com/city/hyderabad/essentials-food-given-in-malkajgiri/articleshow/75524275.cms
267,"No need to clean veggies, fruits with soap or sanitizer: Experts",,2020-09-11,https://timesofindia.indiatimes.com/city/nagpur/no-need-to-clean-veggies-fruits-with-soap-or-sanitizer-experts/articleshow/77937980.cms
268,"Sanitation workers, helpers honoured",,2020-09-11,https://timesofindia.indiatimes.com/entertainment/events/chandigarh/sanitation-workers-helpers-honoured/articleshow/75664462.cms
269,Uttar Pradesh supplied 14.5 lakh litre sanitiser to states during lockdown,,2020-09-11,https://timesofindia.indiatimes.com/city/lucknow/up-supplied-14-5l-ltr-sanitiser-to-states-during-lockdown/articleshow/75512901.cms
270,Ink splashed on Surat Municipal Corporation health officer,,2020-09-11,https://timesofindia.indiatimes.com/city/surat/ink-splashed-on-smc-health-officer/articleshow/79027035.cms
271,Rajasthan Covid cases jump from 1 lakh to 2 lakh in 51 days,,2020-09-11,https://timesofindia.indiatimes.com/city/jaipur/raj-covid-cases-jump-from-1-lakh-to-2-lakh-in-51-days/articleshow/79009184.cms
272,Liquor prices cut to curb deaths due to sanitizer ingestion: Andhra Pradesh deputy CM,,2020-09-11,https://timesofindia.indiatimes.com/city/vijayawada/liquor-prices-cut-to-curb-deaths-due-to-sanitizer-ingestion-dy-cm/articleshow/79007305.cms
273,"Bhopal: It takes 1 Lakh litre sanitiser, 56,000 PPE kits for bypolls in Coronavirus times",,2020-09-11,https://timesofindia.indiatimes.com/city/bhopal/it-takes-1l-litre-sanitiser-56k-ppe-kits-for-bypolls-in-corona-times/articleshow/79007681.cms
274,Haryana: Sanitiser given to farmers under National Horticulture Mission,,2020-09-11,https://timesofindia.indiatimes.com/city/gurgaon/haryana-sanitiser-given-to-farmers-under-national-horticulture-mission/articleshow/75460625.cms
275,Sanitization teams to tag along with sector magistrates to Bermo poll booths,,2020-09-11,https://timesofindia.indiatimes.com/city/ranchi/sanitization-teams-to-tag-along-with-sector-magistrates-to-bermo-poll-booths/articleshow/78987686.cms
276,50% sanitizers consumer body tested ‘adulterated’,,2020-09-11,https://timesofindia.indiatimes.com/city/mumbai/50-sanitizers-consumer-body-tested-adulterated/articleshow/77864413.cms
277,"Coronavirus: Ludhiana residents honour firefighters, sanitation staff for their services",,2020-09-11,https://timesofindia.indiatimes.com/city/ludhiana/ludhiana-residents-honour-firefighters-sanitation-staff-for-their-services/articleshow/75430190.cms
278,"Deploy bigger fire tenders to sanitise highrises, say Greater Noida residents",,2020-09-11,https://timesofindia.indiatimes.com/city/noida/deploy-bigger-tenders-to-sanitise-highrises-say-greater-noida-residents/articleshow/75427070.cms
279,"UP produces record 177 lakh sanitizer, nets Rs 137 crore",,2020-09-11,https://timesofindia.indiatimes.com/city/lucknow/up-produces-record-177l-sanitizer-nets-rs-137cr/articleshow/79359324.cms
280,SDMC’s sanitation worker who tested positive for coronavirus dies at AIIMS,,2020-04-26,https://timesofindia.indiatimes.com/city/delhi/sdmcs-sanitation-worker-who-tested-positive-for-coronavirus-dies-at-aiims/articleshow/75386566.cms
281,Swaraj Barik takes precaution while gymming,,2020-04-26,https://timesofindia.indiatimes.com/entertainment/events/bhubaneswar/swaraj-barik-takes-precaution-while-gymming/articleshow/78946460.cms
282,"Jharkhand: Delay in shifting pipelines, drains stall widening work on NH-33",,2020-04-26,https://timesofindia.indiatimes.com/city/ranchi/delay-in-shifting-pipelines-drains-stall-widening-work-on-nh-33/articleshow/78940019.cms
283,UP has produced 1.7 crore litres of sanitizer since March,,2020-04-26,https://timesofindia.indiatimes.com/city/lucknow/up-has-produced-1-7-cr-lt-of-sanitizer-since-march/articleshow/78942070.cms
284,"Trouble at forefront: Two sanitation workers, one inspector test Covid-19 positive in Delhi",,2020-04-26,https://timesofindia.indiatimes.com/city/delhi/trouble-at-forefront-2-sanitation-workers-one-inspector-test-ve/articleshow/75363982.cms
285,Hyderabad: Sanitation drive to clean city parks starts,,2020-04-26,https://timesofindia.indiatimes.com/city/hyderabad/hyderabad-sanitation-drive-to-clean-city-parks-starts/articleshow/77806809.cms
286,Two sanitation workers felicitated,,2020-04-26,https://timesofindia.indiatimes.com/city/goa/two-sanitation-workers-felicitated/articleshow/75498663.cms
287,Director Garima Kaul's 'Desire?' uncloaks the realities of asexuality,,2020-04-26,https://timesofindia.indiatimes.com/life-style/spotlight/director-garima-kauls-desire-uncloaks-the-realities-of-asexuality/articleshow/78916982.cms
288,Delhi corporations list 815 safai staff to clean Azadpur mandi,,2020-04-26,https://timesofindia.indiatimes.com/city/delhi/corpns-list-815-safai-staff-to-clean-mandi/articleshow/75306315.cms
289,Jaipur: Pay to get your bags sanitised at station,,2020-04-26,https://timesofindia.indiatimes.com/city/jaipur/pay-to-get-your-bags-sanitised-at-station/articleshow/78901051.cms
290,Coronavirus: Timex India employee develops in-house disinfecting chamber with automatic hand sanitizer dispenser,,2020-04-26,https://timesofindia.indiatimes.com/gadgets-news/coronavirus-timex-india-employee-develops-in-house-disinfecting-chamber-with-automatic-hand-sanitizer-dispenser/articleshow/75272540.cms
291,Sanitation workers’ strike forces GMCH to postpone 20 surgeries,,2020-04-26,https://timesofindia.indiatimes.com/city/chandigarh/sanitation-workers-strike-forces-gmch-to-postpone-20-surgeries/articleshow/79269685.cms
292,Man booked under NSA for axe attack on sanitation worker in Madhya Pradesh,,2020-04-26,https://timesofindia.indiatimes.com/city/bhopal/man-booked-under-nsa-for-axe-attack-on-sanitation-worker-in-madhya-pradesh/articleshow/75229364.cms
293,Ahmedabad: This van can sanitize eight policemen in just 30 seconds,,2020-04-26,https://timesofindia.indiatimes.com/city/ahmedabad/this-van-can-sanitize-eight-policemen-in-just-30-seconds/articleshow/75227329.cms
294,"Chandigarh municipal corporation cedes some ground, but safai workers don’t budge",,2020-04-26,https://timesofindia.indiatimes.com/city/chandigarh/chandigarh-municipal-corporation-cedes-some-ground-but-safai-workers-dont-budge/articleshow/78857154.cms
295,Docs asked to be wary of fake sanitizer,,2020-04-26,https://timesofindia.indiatimes.com/city/lucknow/docs-asked-to-be-wary-of-fake-sanitizer/articleshow/76414625.cms
296,Coir corp launches sanitizer mats,,2020-04-26,https://timesofindia.indiatimes.com/city/kochi/coir-corp-launches-sanitizer-mats/articleshow/76393244.cms
297,Students develop automated sanitizer dispenser,,2020-04-26,https://timesofindia.indiatimes.com/city/thiruvananthapuram/students-develop-automated-sanitizer-dispenser/articleshow/76375081.cms
298,"Five arrested for selling, buying sanitizers as liquor ‘substitute’",,2020-04-26,https://timesofindia.indiatimes.com/city/nagpur/five-arrested-for-selling-buying-sanitizers-as-liquor-substitute/articleshow/75149416.cms
299,"Sanitize, wrap luggage at Pune railway station",,2020-04-26,https://timesofindia.indiatimes.com/city/pune/sanitize-wrap-luggage-at-pune-railway-station/articleshow/77651464.cms
300,Residents of Dudli area grapple with sanitation woes,,2020-08-19,https://timesofindia.indiatimes.com/city/dehradun/residents-of-dudli-area-grapple-with-sanitation-woes/articleshow/77640705.cms
301,Jaipur: Two sanitation workers among 3 arrested for smuggling gold,,2020-08-19,https://timesofindia.indiatimes.com/city/jaipur/2-sanitation-workersamong-3-arrestedfor-smuggling-gold/articleshow/79200709.cms
302,Covid-19: Disinfectant spray and sanitization drives on in Punjab,,2020-08-19,https://timesofindia.indiatimes.com/city/chandigarh/covid-19-disinfectant-spray-and-sanitization-drives-on-in-punjab/articleshow/75127241.cms
303,"Ration, PPE to sanitation workers",,2020-08-19,https://timesofindia.indiatimes.com/city/aurangabad/ration-ppe-to-sanitation-workers/articleshow/75259149.cms
304,Ahmedabad: Police create sanitization van for personnel on lockdown duty,,2020-08-19,https://timesofindia.indiatimes.com/city/ahmedabad/police-create-sanitization-van-for-personnel-on-lockdown-duty/articleshow/75113645.cms
305,KMC sanitizes Ganga Apartment,,2020-08-19,https://timesofindia.indiatimes.com/city/kanpur/kmc-sanitizes-ganga-apartment/articleshow/75239457.cms
306,"BJP blames Delhi govt, DJB says accident site is not under its purview",,2020-08-19,https://timesofindia.indiatimes.com/city/delhi/bjp-blames-delhi-govt-djb-says-accident-site-is-not-under-its-purview/articleshow/78757904.cms
307,Bhubaneswar civic body distributes safety kits among sanitation workers,,2020-08-19,https://timesofindia.indiatimes.com/city/bhubaneswar/bhubaneswar-civic-body-distributes-safety-kits-among-sanitation-workers/articleshow/79167349.cms
308,‘Complete lockdown’ plan for 10 Covid-19 hotspots in West Bengal,,2020-08-19,https://timesofindia.indiatimes.com/city/kolkata/complete-lockdown-plan-for-10-covid-19-hotspots/articleshow/75088484.cms
309,IIT-H provides sanitisers to Sangareddy dist admin,,2020-08-19,https://timesofindia.indiatimes.com/city/hyderabad/iit-h-provides-sanitisers-to-sangareddy-dist-admin/articleshow/75073395.cms
310,Ahmedabad railway station gets sanitizing tunnel,,2020-08-19,https://timesofindia.indiatimes.com/city/ahmedabad/station-gets-sanitizing-tunnel/articleshow/75055459.cms
311,More buses for sanitation staff in Telangana,,2020-08-19,https://timesofindia.indiatimes.com/city/hyderabad/more-buses-for-sanitation-staff/articleshow/75037167.cms
312,"At the movies, keep the mask on",,2020-08-19,https://timesofindia.indiatimes.com/city/bengaluru/at-the-movies-keep-the-mask-on/articleshow/78705754.cms
313,Delhi: Not segregating waste? you are being scanned,,2020-08-19,https://timesofindia.indiatimes.com/city/delhi/not-segregating-wasteyou-are-being-scanned/articleshow/78689721.cms
314,"SOPs for cultural events: Artistes, crew need Covid-negative certificate",,2020-08-19,https://timesofindia.indiatimes.com/india/sops-for-cultural-events-artistes-crew-need-covid-negative-certificate/articleshow/78684705.cms
315,Ahmedabad girl raises funds to supply eco-friendly sanitary pads,,2020-08-19,https://timesofindia.indiatimes.com/city/ahmedabad/ahmedabad-girl-raises-funds-for-free-eco-friendly-sanitary-pads/articleshow/78664214.cms
316,Nivea to make sanitizers in Sanand,,2020-08-19,https://timesofindia.indiatimes.com/city/ahmedabad/nivea-to-make-sanitizers-in-sanand/articleshow/74975390.cms
317,"Masks, sanitizer & distancing: Covid precautions mark Karwa Chauth celebrations",,2020-08-19,https://timesofindia.indiatimes.com/city/lucknow/masks-sanitizer-distancing-covid-precautions-mark-karwa-chauth-celebrations/articleshow/79050909.cms
318,Vijayawada fire: Did sanitizer stock trigger the blaze?,,2020-08-19,https://timesofindia.indiatimes.com/city/vijayawada/did-sanitizer-stock-trigger-the-blaze/articleshow/77451440.cms
319,"Behind in polls, Trump launches swing state blitz",,2020-08-19,https://timesofindia.indiatimes.com/world/us/us-presidential-elections/behind-in-polls-trump-launches-swing-state-blitz/articleshow/78626249.cms
320,Health checkup for sanitation workers,,2020-04-15,https://timesofindia.indiatimes.com/city/coimbatore/health-checkup-for-sanitation-workers/articleshow/75169832.cms
321,EID Parry launches Handkleen sanitizer,,2020-04-15,https://timesofindia.indiatimes.com/business/india-business/eid-parry-launches-handkleen-sanitizer/articleshow/76140213.cms
322,"Cleaning rare, it’s a den of snakes: Sector 9A residents",,2020-04-15,https://timesofindia.indiatimes.com/city/gurgaon/cleaning-rare-its-a-den-of-snakes-sec-9a-residents/articleshow/78609820.cms
323,Sanitation tunnels opened in Thrissur,,2020-04-15,https://timesofindia.indiatimes.com/city/kochi/sanitation-tunnels-opened-in-thrissur/articleshow/75036477.cms
324,Four die in Tirupati after drinking hand sanitizer,,2020-04-15,https://timesofindia.indiatimes.com/city/vijayawada/four-die-in-tirupati-after-drinking-hand-sanitizer/articleshow/77420349.cms
325,Kerala government to rate local bodies for sanitation status: CM Pinarayi Vijayan,,2020-04-15,https://timesofindia.indiatimes.com/city/thiruvananthapuram/kerala-government-to-rate-local-bodies-for-sanitation-status-cm-pinarayi-vijayan/articleshow/78595544.cms
326,Yogi Adityanath pledges to curb Covid-19 in UP with special sanitization campaign,,2020-04-15,https://timesofindia.indiatimes.com/city/lucknow/yogi-pledges-to-curb-covid-19-in-up-with-special-sanitization-campaign/articleshow/78564138.cms
327,Schools ready with new tools for safety in Lucknow,,2020-04-15,https://timesofindia.indiatimes.com/city/lucknow/schools-ready-with-new-tools-for-safety/articleshow/78543883.cms
328,"In dry Gujarat, hooch den proposes to make sanitizers",,2020-04-15,https://timesofindia.indiatimes.com/city/ahmedabad/in-dry-gujarat-hooch-den-proposes-to-make-sanitizers/articleshow/77341811.cms
329,Kolkata airport gets UV tunnel to sanitize flyers’ baggage,,2020-04-15,https://timesofindia.indiatimes.com/city/kolkata/airport-gets-uv-tunnel-to-sanitize-flyers-baggage/articleshow/78521964.cms
330,Breathing with face mask does not alter oxygen level; virus can last nine hours on skin,,2020-04-15,https://timesofindia.indiatimes.com/life-style/health-fitness/health-news/breathing-with-face-mask-does-not-alter-oxygen-level-virus-can-last-nine-hours-on-skin/articleshow/78506835.cms
331,"Masks, sanitizers being sold without bills to evade action",,2020-04-15,https://timesofindia.indiatimes.com/city/nagpur/masks-sanitizers-being-sold-without-bills-to-evade-action/articleshow/74764826.cms
332,FMCG makers reduce hand sanitizer prices as per government directive,,2020-04-15,https://timesofindia.indiatimes.com/business/india-business/fmcg-makers-reduce-hand-sanitizer-prices-as-per-government-directive/articleshow/74760403.cms
333,AAP alleges move to hand over sanitation to private agency,,2020-04-15,https://timesofindia.indiatimes.com/city/delhi/aap-alleges-move-to-hand-over-sanitation-to-private-agency/articleshow/78904456.cms
334,Mohammedan Sporting install sanitizing tunnel at club tent,,2020-04-15,https://timesofindia.indiatimes.com/sports/football/i-league/mohammedan-sporting-install-sanitizing-tunnel-at-club-tent/articleshow/77296703.cms
335,"Restaurants to open today, with caution",,2020-04-15,https://timesofindia.indiatimes.com/city/nagpur/restaurants-to-open-today-with-caution/articleshow/78482389.cms
336,Valmiki community protest on; safai workers pelt stones,,2020-04-15,https://timesofindia.indiatimes.com/city/agra/valmiki-community-protest-on-safai-workers-pelt-stones-dump-garbage-in-agra-streets/articleshow/78481790.cms
337,Kolkata gyms add sanitization charges to membership fee,,2020-04-15,https://timesofindia.indiatimes.com/city/kolkata/city-gyms-add-sanitization-charges-to-membership-fee/articleshow/77291490.cms
338,"Teenager creates special box to sanitize veggies, grocery items",,2020-04-15,https://timesofindia.indiatimes.com/city/pune/teenager-creates-special-box-to-sanitize-veggies-grocery-items/articleshow/78468872.cms
339,Gujarat: Sanitation helpline gets 123 calls in 3 days,,2020-04-15,https://timesofindia.indiatimes.com/city/vadodara/sanitation-helpline-gets-123-calls-in-3-days/articleshow/72420646.cms
340,Maharashtra government issues guidelines for restaurants which are set to reopen,,2020-10-03,https://timesofindia.indiatimes.com/city/mumbai/maharashtra-government-issues-guidelines-for-restaurants-which-are-set-to-reopen/articleshow/78464066.cms
341,Soak pits built under MGNREGS improve sanitation in Dharwad villages,,2020-10-03,https://timesofindia.indiatimes.com/city/hubballi/soak-pits-built-under-mgnregs-improve-sanitation-in-dharwad-villages/articleshow/78453129.cms
342,Fake sanitizer making unit raided in Nagpur,,2020-10-03,https://timesofindia.indiatimes.com/city/nagpur/fake-sanitizer-makingunit-raided-in-city/articleshow/74701269.cms
343,Sanitizer production up in Kandla SEZ,,2020-10-03,https://timesofindia.indiatimes.com/city/ahmedabad/sanitizer-production-up-in-kandla-sez/articleshow/75855976.cms
344,"Fake hand sanitiser unit raided, six held in Pune",,2020-10-03,https://timesofindia.indiatimes.com/city/pune/fake-hand-sanitizer-unit-raided-6-held/articleshow/74680747.cms
345,Kanyakumari SHGs to manufacture sanitizers and sell them at low price,,2020-10-03,https://timesofindia.indiatimes.com/city/madurai/kanyakumari-shgs-to-manufacture-sanitizers-and-sell-them-at-low-price/articleshow/74682039.cms
346,"Two weeks on, no sanitization in Agra markets",,2020-10-03,https://timesofindia.indiatimes.com/city/agra/two-weeks-on-no-sanitization-in-agra-markets/articleshow/77226183.cms
347,"Beware, 43% ATMs in Kerala lack sanitization facilities",,2020-10-03,https://timesofindia.indiatimes.com/city/kochi/beware-43-atms-in-state-lack-sanitization-facilities/articleshow/77227789.cms
348,Two arrested for stabbing SMC sanitation worker,,2020-10-03,https://timesofindia.indiatimes.com/city/vadodara/two-arrested-for-stabbing-smc-sanitation-worker/articleshow/77227342.cms
349,Bhopal sanitation workers stop work to protest UP horror,,2020-10-03,https://timesofindia.indiatimes.com/city/bhopal/bhopal-sanitation-workers-stop-work-to-protest-up-horror/articleshow/78439329.cms
350,"Sanitation workers rise in protest, block roads, refuse to work",,2020-10-03,https://timesofindia.indiatimes.com/city/agra/sanitation-workers-rise-in-protest-block-roads-refuse-to-work/articleshow/78434907.cms
351,Andhra Pradesh: 50-year-old sanitation worker dies 24 hours after getting vaccine shot in Tirupati,,2020-10-03,https://timesofindia.indiatimes.com/city/amaravati/andhra-pradesh-50-year-old-sanitation-worker-dies-24-hours-after-getting-vaccine-shot-in-tirupati/articleshow/80792619.cms
352,FDA warns Americans of toxic hand sanitizers,,2020-10-03,https://timesofindia.indiatimes.com/world/us/fda-warns-americans-of-toxic-hand-sanitizers/articleshow/77211452.cms
353,"Homes of patients, kin sanitized",,2020-10-03,https://timesofindia.indiatimes.com/city/vadodara/homes-of-patients-kin-sanitized/articleshow/74799392.cms
354,SMC sanitation worker stabbed 30 times,,2020-10-03,https://timesofindia.indiatimes.com/city/surat/smc-sanitation-worker-stabbed-30-times/articleshow/77205231.cms
355,SmartClean aims global expansion with IoT and AI-driven sanitization solutions,,2020-10-03,https://timesofindia.indiatimes.com/companies/smartclean-aims-global-expansion-with-iot-and-ai-driven-sanitization-solutions/articleshow/78841448.cms
356,"Sanitation staff paid well, can’t regularise service: GHMC",,2020-10-03,https://timesofindia.indiatimes.com/city/hyderabad/sanitation-staff-paid-well-cant-regularise-service-ghmc/articleshow/78415833.cms
357,The use of hand sanitizer: Safety vs effects on skin,,2020-10-03,https://timesofindia.indiatimes.com/life-style/beauty/the-use-of-hand-sanitizer-safety-vs-effects-on-skin/articleshow/77169360.cms
358,"Daily sanitization to cost Rs4,000, need funds: Schools",,2020-10-03,https://timesofindia.indiatimes.com/city/nagpur/daily-sanitization-to-cost-rs4000-need-funds-schools/articleshow/78394340.cms
359,Sanitation workers demand their dues,,2020-10-03,https://timesofindia.indiatimes.com/city/vijayawada/sanitation-workers-demand-their-dues/articleshow/74752330.cms
360,Coronavirus scare: Rs 2 lakh fake sanitisers seized in Mumbai,,2020-03-13,https://timesofindia.indiatimes.com/city/mumbai/rs-2-lakh-fake-sanitizers-seized-in-mumbai/articleshow/74603022.cms
361,College comes up with low-cost sanitizer,,2020-03-13,https://timesofindia.indiatimes.com/city/thiruvananthapuram/college-comes-up-with-low-cost-sanitizer/articleshow/74601797.cms
362,Coronavirus: This is how Samsung plans to help fight COVID-19 infection,,2020-03-13,https://timesofindia.indiatimes.com/gadgets-news/coronavirus-this-is-how-samsung-plans-to-help-fight-covid-19-infection/articleshow/74598540.cms
363,Maharashtra: ‘Agents’ charge Rs 100 to sanitise vehicles at RTO,,2020-03-13,https://timesofindia.indiatimes.com/city/mumbai/maharashtra-agents-charge-rs-100-to-sanitise-vehicles-at-rto/articleshow/78358436.cms
364,Activist moves HC over poor sanitation in SBS Nagar,,2020-03-13,https://timesofindia.indiatimes.com/city/ludhiana/activist-moves-hc-over-poor-sanitation-in-sbs-nagar/articleshow/78353382.cms
365,Coimbatore: New sanitary workers while away time as expectations fall short,,2020-03-13,https://timesofindia.indiatimes.com/city/coimbatore/new-sanitary-workers-while-away-time-as-expectations-fall-short/articleshow/74584580.cms
366,Sanitation workers get training,,2020-03-13,https://timesofindia.indiatimes.com/city/aurangabad/sanitation-workers-get-training/articleshow/74712572.cms
367,RMRC Bhubaneswar develops UV sanitized dustbin,,2020-03-13,https://timesofindia.indiatimes.com/city/bhubaneswar/rmrc-bhubaneswar-develops-uv-sanitized-dustbin/articleshow/77122127.cms
368,Poor hygiene at Covid wards in North Karnataka,,2020-03-13,https://timesofindia.indiatimes.com/city/hubballi/poor-hygiene-at-covid-wards-in-north-karnataka/articleshow/78339470.cms
369,Colleges make sanitizers in their labs,,2020-03-13,https://timesofindia.indiatimes.com/city/kochi/colleges-make-sanitizers-in-their-labs/articleshow/74681310.cms
370,No water supply in 535 government schools,,2020-03-13,https://timesofindia.indiatimes.com/city/ahmedabad/no-water-supply-in-535-govt-schools/articleshow/78323928.cms
371,"BIEC lacks staff, water and sanitation: Congress",,2020-03-13,https://timesofindia.indiatimes.com/city/bengaluru/biec-is-empty-shell-lacks-staff-water-and-sanitation-congress/articleshow/77095162.cms
372,Well-trained sanitation workers keep city running,,2020-03-13,https://timesofindia.indiatimes.com/city/bhubaneswar/well-trained-sanitation-workers-keep-city-running/articleshow/77094038.cms
373,KSDP to launch Sanitizer wrist bands,,2020-03-13,https://timesofindia.indiatimes.com/city/thiruvananthapuram/ksdp-to-launch-sanitizer-wrist-bands/articleshow/75682202.cms
374,Few takers for Jaipur Metro on Day 2 but people hail move to resume ops,,2020-03-13,https://timesofindia.indiatimes.com/city/jaipur/few-takers-for-metro-on-day-2-but-people-hail-move-to-resume-ops/articleshow/78304848.cms
375,How often should you clean your toilet,,2020-03-13,https://timesofindia.indiatimes.com/life-style/home-garden/how-often-should-you-clean-your-toilet/articleshow/78297413.cms
376,Noida waste vans targeted amid talks,,2020-03-13,https://timesofindia.indiatimes.com/city/noida/noida-waste-vans-targeted-amid-talks/articleshow/78285764.cms
377,"75% of govt Puja grant to clubs must be spent on masks, sanitizers: HC",,2020-03-13,https://timesofindia.indiatimes.com/city/kolkata/75-of-govt-puja-grant-to-clubs-must-be-spent-on-masks-sanitizers-hc/articleshow/78711938.cms
378,Illegal parking & sanitation Adarsh Nagar’s major woes,,2020-03-13,https://timesofindia.indiatimes.com/city/jaipur/illegal-parking-sanitation-adarsh-nagars-major-woes/articleshow/78711473.cms
379,"Drones to keep vigil on sanitization, crowding in containment zones",,2020-03-13,https://timesofindia.indiatimes.com/city/lucknow/drones-to-keep-vigil-on-sanitization-crowding-in-containment-zones/articleshow/77027403.cms
380,"Sanitizer scam in LMC, probe begins",,2020-05-07,https://timesofindia.indiatimes.com/city/lucknow/sanitizer-scam-in-lmc-probe-begins/articleshow/75598393.cms
381,PMC sanitation staff want their own CCC,,2020-05-07,https://timesofindia.indiatimes.com/city/pune/pmc-sanitation-staff-want-their-own-ccc/articleshow/77023516.cms
382,"ASV players distribute masks, sanitizers to migrant workers",,2020-05-07,https://timesofindia.indiatimes.com/sports/more-sports/others/asv-players-distribute-masks-sanitizers-to-migrant-workers/articleshow/77020555.cms
383,Odisha HC defers video hearings to tomorrow on account of buildings’ sanitisation,,2020-05-07,https://timesofindia.indiatimes.com/city/cuttack/hc-defers-video-hearings-to-tomorrow-on-account-of-buildings-sanitisation/articleshow/78241787.cms
384,"Weeks to go for Maha Kumbh, sanitation workers in Haridwar on strike for two days now; mounds of garbage and stench in holy city",,2020-05-07,https://timesofindia.indiatimes.com/city/dehradun/weeks-to-go-for-maha-kumbh-sanitation-workers-in-haridwar-on-strike-for-two-days-now-mounds-of-garbage-and-stench-in-holy-city/articleshow/80655053.cms
385,"Delhi: As masks, PPE kits head to landfills, you can’t shrug off share of blame",,2020-05-07,https://timesofindia.indiatimes.com/city/delhi/as-masks-ppe-kits-head-to-landfills-you-cant-shrug-off-share-of-blame/articleshow/78223555.cms
386,"Chandrashekhar Azad joins sanitation workers’ stir in Noida, warns of a bigger protest",,2020-05-07,https://timesofindia.indiatimes.com/city/noida/azad-joins-sanitation-workers-stir-in-city-warns-of-a-bigger-protest/articleshow/78210508.cms
387,Car crushes sanitation worker to death in Vijayawada,,2020-05-07,https://timesofindia.indiatimes.com/city/vijayawada/car-crushes-sanitation-worker-to-death/articleshow/76967576.cms
388,Publish the list of frontline warriors who died of Covid-19 and help their families: Gudur Narayana Reddy,,2020-05-07,https://timesofindia.indiatimes.com/city/hyderabad/publish-the-list-of-frontline-warriors-who-died-of-covid-19-and-help-their-families-gudur-narayana-reddy/articleshow/78207937.cms
389,Hand sanitizers donated for 32 buses at TNSTC Kovilpatti depot,,2020-05-07,https://timesofindia.indiatimes.com/city/madurai/hand-sanitizers-donated-for-32-buses-at-tnstc-kovilpatti-depot/articleshow/78207194.cms
390,Celebrating women in sanitation management,,2020-05-07,https://timesofindia.indiatimes.com/city/trichy/celebrating-women-in-sanitation-management/articleshow/74543204.cms
391,UP: Man booked for trying to rape sanitation worker,,2020-05-07,https://timesofindia.indiatimes.com/city/bareilly/man-booked-for-trying-to-rape-sanitation-worker/articleshow/76927916.cms
392,Ramgarh stinks as piles of garbage dot streets amid strike by civic workers,,2020-05-07,https://timesofindia.indiatimes.com/city/ranchi/ramgarh-stinks-as-piles-of-garbage-dot-streets-amid-strike-by-civic-workers/articleshow/78154635.cms
393,"Hyderabad: Private agencies to run 10,000 public toilets",,2020-05-07,https://timesofindia.indiatimes.com/city/hyderabad/pvt-agencies-to-run-10000-public-toilets/articleshow/78135257.cms
394,Robot to serve Covid-19 patients in Andhra Pradesh's Vizag,,2020-05-07,https://timesofindia.indiatimes.com/city/visakhapatnam/robot-to-serve-covid-19-patients-in-andhra-pradeshs-vizag/articleshow/78108490.cms
395,Free ration kits distributed to sanitation workers,,2020-05-07,https://timesofindia.indiatimes.com/city/dehradun/free-ration-kits-distributed-to-sanitation-workers/articleshow/76840106.cms
396,CIFT develops seaweed-based sanitizer,,2020-05-07,https://timesofindia.indiatimes.com/city/kochi/cift-develops-seaweed-based-sanitizer/articleshow/75387866.cms
397,"Chhattisgarh: Padwoman distributes napkins, raincoats to sanitation workers",,2020-05-07,https://timesofindia.indiatimes.com/city/raipur/chhattisgarh-padwoman-distributes-napkins-raincoats-to-sanitation-workers/articleshow/76831868.cms
398,Ashok Gehlot bats for safety of sanitation workers,,2020-05-07,https://timesofindia.indiatimes.com/city/jaipur/ashok-gehlot-bats-for-safety-of-sanitation-workers/articleshow/76825584.cms
399,Workers steal safety gear worth Rs 7 lakh,,2020-05-07,https://timesofindia.indiatimes.com/city/ahmedabad/workers-steal-safety-gear-worth-rs-7-lakh/articleshow/78068377.cms
